[{"model": "admin.logentry", "pk": 75, "fields": {"action_time": "2022-07-27T17:01:04.506Z", "user": 18, "content_type": 4, "object_id": "18", "object_repr": "testdjango", "action_flag": 2, "change_message": "[{\"changed\": {\"fields\": [\"Last name\"]}}]"}}, {"model": "admin.logentry", "pk": 80, "fields": {"action_time": "2022-08-13T23:33:41.870Z", "user": 21, "content_type": 4, "object_id": "20", "object_repr": "sreeja.atluri", "action_flag": 3, "change_message": ""}}, {"model": "admin.logentry", "pk": 81, "fields": {"action_time": "2022-08-13T23:41:28.864Z", "user": 21, "content_type": 4, "object_id": "22", "object_repr": "sreeja.atluri", "action_flag": 3, "change_message": ""}}, {"model": "admin.logentry", "pk": 82, "fields": {"action_time": "2022-08-13T23:42:19.909Z", "user": 21, "content_type": 7, "object_id": "24", "object_repr": " ( )", "action_flag": 3, "change_message": ""}}, {"model": "admin.logentry", "pk": 83, "fields": {"action_time": "2022-08-13T23:56:07.989Z", "user": 21, "content_type": 4, "object_id": "23", "object_repr": "sreeja.atluri", "action_flag": 3, "change_message": ""}}, {"model": "admin.logentry", "pk": 84, "fields": {"action_time": "2022-08-14T00:00:53.912Z", "user": 21, "content_type": 4, "object_id": "25", "object_repr": "sreeja.atluri", "action_flag": 3, "change_message": ""}}, {"model": "admin.logentry", "pk": 85, "fields": {"action_time": "2022-08-14T00:42:49.830Z", "user": 21, "content_type": 4, "object_id": "26", "object_repr": "sreeja.atluri", "action_flag": 3, "change_message": ""}}, {"model": "admin.logentry", "pk": 86, "fields": {"action_time": "2022-08-14T01:08:06.081Z", "user": 21, "content_type": 7, "object_id": "28", "object_repr": " ( )", "action_flag": 3, "change_message": ""}}, {"model": "admin.logentry", "pk": 87, "fields": {"action_time": "2022-08-14T01:32:17.768Z", "user": 21, "content_type": 4, "object_id": "29", "object_repr": "sreeja_atluri", "action_flag": 2, "change_message": "[{\"changed\": {\"fields\": [\"Staff status\", \"User permissions\"]}}]"}}, {"model": "admin.logentry", "pk": 89, "fields": {"action_time": "2022-08-14T01:45:22.419Z", "user": 21, "content_type": 7, "object_id": "30", "object_repr": "sreeja_atluri (sreeja atluri)", "action_flag": 2, "change_message": "[{\"changed\": {\"fields\": [\"Image\"]}}]"}}, {"model": "admin.logentry", "pk": 90, "fields": {"action_time": "2022-08-14T01:48:12.005Z", "user": 21, "content_type": 7, "object_id": "31", "object_repr": "testing (test test)", "action_flag": 3, "change_message": ""}}, {"model": "admin.logentry", "pk": 91, "fields": {"action_time": "2022-08-14T01:50:11.669Z", "user": 21, "content_type": 7, "object_id": "32", "object_repr": "test (test test)", "action_flag": 3, "change_message": ""}}, {"model": "admin.logentry", "pk": 92, "fields": {"action_time": "2022-08-14T01:54:07.811Z", "user": 21, "content_type": 7, "object_id": "33", "object_repr": "test (test test)", "action_flag": 3, "change_message": ""}}, {"model": "admin.logentry", "pk": 93, "fields": {"action_time": "2022-08-14T03:33:19.026Z", "user": 21, "content_type": 7, "object_id": "34", "object_repr": "test (test test)", "action_flag": 2, "change_message": "[{\"changed\": {\"fields\": [\"Email address\"]}}]"}}, {"model": "admin.logentry", "pk": 94, "fields": {"action_time": "2022-08-14T03:36:43.694Z", "user": 21, "content_type": 7, "object_id": "34", "object_repr": "test (test test)", "action_flag": 2, "change_message": "[{\"changed\": {\"fields\": [\"Email address\"]}}]"}}, {"model": "admin.logentry", "pk": 95, "fields": {"action_time": "2022-08-14T03:52:45.572Z", "user": 21, "content_type": 7, "object_id": "34", "object_repr": "test (test test)", "action_flag": 2, "change_message": "[{\"changed\": {\"fields\": [\"Email address\"]}}]"}}, {"model": "auth.permission", "pk": 1, "fields": {"name": "Can add log entry", "content_type": 1, "codename": "add_logentry"}}, {"model": "auth.permission", "pk": 2, "fields": {"name": "Can change log entry", "content_type": 1, "codename": "change_logentry"}}, {"model": "auth.permission", "pk": 3, "fields": {"name": "Can delete log entry", "content_type": 1, "codename": "delete_logentry"}}, {"model": "auth.permission", "pk": 4, "fields": {"name": "Can view log entry", "content_type": 1, "codename": "view_logentry"}}, {"model": "auth.permission", "pk": 5, "fields": {"name": "Can add permission", "content_type": 2, "codename": "add_permission"}}, {"model": "auth.permission", "pk": 6, "fields": {"name": "Can change permission", "content_type": 2, "codename": "change_permission"}}, {"model": "auth.permission", "pk": 7, "fields": {"name": "Can delete permission", "content_type": 2, "codename": "delete_permission"}}, {"model": "auth.permission", "pk": 8, "fields": {"name": "Can view permission", "content_type": 2, "codename": "view_permission"}}, {"model": "auth.permission", "pk": 9, "fields": {"name": "Can add group", "content_type": 3, "codename": "add_group"}}, {"model": "auth.permission", "pk": 10, "fields": {"name": "Can change group", "content_type": 3, "codename": "change_group"}}, {"model": "auth.permission", "pk": 11, "fields": {"name": "Can delete group", "content_type": 3, "codename": "delete_group"}}, {"model": "auth.permission", "pk": 12, "fields": {"name": "Can view group", "content_type": 3, "codename": "view_group"}}, {"model": "auth.permission", "pk": 13, "fields": {"name": "Can add user", "content_type": 4, "codename": "add_user"}}, {"model": "auth.permission", "pk": 14, "fields": {"name": "Can change user", "content_type": 4, "codename": "change_user"}}, {"model": "auth.permission", "pk": 15, "fields": {"name": "Can delete user", "content_type": 4, "codename": "delete_user"}}, {"model": "auth.permission", "pk": 16, "fields": {"name": "Can view user", "content_type": 4, "codename": "view_user"}}, {"model": "auth.permission", "pk": 17, "fields": {"name": "Can add content type", "content_type": 5, "codename": "add_contenttype"}}, {"model": "auth.permission", "pk": 18, "fields": {"name": "Can change content type", "content_type": 5, "codename": "change_contenttype"}}, {"model": "auth.permission", "pk": 19, "fields": {"name": "Can delete content type", "content_type": 5, "codename": "delete_contenttype"}}, {"model": "auth.permission", "pk": 20, "fields": {"name": "Can view content type", "content_type": 5, "codename": "view_contenttype"}}, {"model": "auth.permission", "pk": 21, "fields": {"name": "Can add session", "content_type": 6, "codename": "add_session"}}, {"model": "auth.permission", "pk": 22, "fields": {"name": "Can change session", "content_type": 6, "codename": "change_session"}}, {"model": "auth.permission", "pk": 23, "fields": {"name": "Can delete session", "content_type": 6, "codename": "delete_session"}}, {"model": "auth.permission", "pk": 24, "fields": {"name": "Can view session", "content_type": 6, "codename": "view_session"}}, {"model": "auth.permission", "pk": 25, "fields": {"name": "Can add user", "content_type": 7, "codename": "add_student"}}, {"model": "auth.permission", "pk": 26, "fields": {"name": "Can change user", "content_type": 7, "codename": "change_student"}}, {"model": "auth.permission", "pk": 27, "fields": {"name": "Can delete user", "content_type": 7, "codename": "delete_student"}}, {"model": "auth.permission", "pk": 28, "fields": {"name": "Can view user", "content_type": 7, "codename": "view_student"}}, {"model": "auth.permission", "pk": 29, "fields": {"name": "Can add topic", "content_type": 8, "codename": "add_topic"}}, {"model": "auth.permission", "pk": 30, "fields": {"name": "Can change topic", "content_type": 8, "codename": "change_topic"}}, {"model": "auth.permission", "pk": 31, "fields": {"name": "Can delete topic", "content_type": 8, "codename": "delete_topic"}}, {"model": "auth.permission", "pk": 32, "fields": {"name": "Can view topic", "content_type": 8, "codename": "view_topic"}}, {"model": "auth.permission", "pk": 33, "fields": {"name": "Can add course", "content_type": 9, "codename": "add_course"}}, {"model": "auth.permission", "pk": 34, "fields": {"name": "Can change course", "content_type": 9, "codename": "change_course"}}, {"model": "auth.permission", "pk": 35, "fields": {"name": "Can delete course", "content_type": 9, "codename": "delete_course"}}, {"model": "auth.permission", "pk": 36, "fields": {"name": "Can view course", "content_type": 9, "codename": "view_course"}}, {"model": "auth.permission", "pk": 37, "fields": {"name": "Can add order", "content_type": 10, "codename": "add_order"}}, {"model": "auth.permission", "pk": 38, "fields": {"name": "Can change order", "content_type": 10, "codename": "change_order"}}, {"model": "auth.permission", "pk": 39, "fields": {"name": "Can delete order", "content_type": 10, "codename": "delete_order"}}, {"model": "auth.permission", "pk": 40, "fields": {"name": "Can view order", "content_type": 10, "codename": "view_order"}}, {"model": "auth.permission", "pk": 41, "fields": {"name": "Can add user types", "content_type": 11, "codename": "add_usertypes"}}, {"model": "auth.permission", "pk": 42, "fields": {"name": "Can change user types", "content_type": 11, "codename": "change_usertypes"}}, {"model": "auth.permission", "pk": 43, "fields": {"name": "Can delete user types", "content_type": 11, "codename": "delete_usertypes"}}, {"model": "auth.permission", "pk": 44, "fields": {"name": "Can view user types", "content_type": 11, "codename": "view_usertypes"}}, {"model": "auth.permission", "pk": 45, "fields": {"name": "Can add password reset", "content_type": 12, "codename": "add_passwordreset"}}, {"model": "auth.permission", "pk": 46, "fields": {"name": "Can change password reset", "content_type": 12, "codename": "change_passwordreset"}}, {"model": "auth.permission", "pk": 47, "fields": {"name": "Can delete password reset", "content_type": 12, "codename": "delete_passwordreset"}}, {"model": "auth.permission", "pk": 48, "fields": {"name": "Can view password reset", "content_type": 12, "codename": "view_passwordreset"}}, {"model": "auth.user", "pk": 9, "fields": {"password": "123", "last_login": "2022-05-31T15:36:00Z", "is_superuser": false, "username": "john", "first_name": "John", "last_name": "Smith", "email": "", "is_staff": false, "is_active": true, "date_joined": "2022-05-31T15:35:47Z", "groups": [], "user_permissions": []}}, {"model": "auth.user", "pk": 10, "fields": {"password": "235", "last_login": "2022-05-31T15:36:47Z", "is_superuser": false, "username": "mary", "first_name": "Mary", "last_name": "Jones", "email": "", "is_staff": false, "is_active": true, "date_joined": "2022-05-31T15:36:35Z", "groups": [], "user_permissions": [27]}}, {"model": "auth.user", "pk": 11, "fields": {"password": "306", "last_login": "2022-05-31T15:37:48Z", "is_superuser": false, "username": "alan", "first_name": "Alan", "last_name": "George", "email": "", "is_staff": false, "is_active": true, "date_joined": "2022-05-31T15:37:16Z", "groups": [], "user_permissions": []}}, {"model": "auth.user", "pk": 12, "fields": {"password": "442", "last_login": "2022-05-31T15:38:47Z", "is_superuser": false, "username": "josh", "first_name": "Josh", "last_name": "Jones", "email": "", "is_staff": false, "is_active": true, "date_joined": "2022-05-31T15:38:35Z", "groups": [], "user_permissions": []}}, {"model": "auth.user", "pk": 13, "fields": {"password": "987", "last_login": "2022-05-31T15:39:25Z", "is_superuser": false, "username": "chris", "first_name": "Chris", "last_name": "Bill", "email": "", "is_staff": false, "is_active": true, "date_joined": "2022-05-31T15:39:14Z", "groups": [], "user_permissions": []}}, {"model": "auth.user", "pk": 18, "fields": {"password": "pbkdf2_sha256$320000$NJfhawV7aWRwJiABg1avNn$tN5v1EZHXbNGZHVSvoRJOVR0Bc/GfxtwOWWilMFENOU=", "last_login": "2022-07-27T16:53:52Z", "is_superuser": true, "username": "testdjango", "first_name": "test", "last_name": "django", "email": "", "is_staff": true, "is_active": true, "date_joined": "2022-07-26T19:50:04Z", "groups": [], "user_permissions": []}}, {"model": "auth.user", "pk": 21, "fields": {"password": "pbkdf2_sha256$320000$Y0licb9TfAGcYCcsowFG82$e0E/4AKfKk7sQMAPs/QpH3ACmWz+3Tlq+FmpJlKZIWE=", "last_login": "2022-08-15T00:27:46.926Z", "is_superuser": true, "username": "teamsaas", "first_name": "", "last_name": "", "email": "sreejaatluri33@gmail.com", "is_staff": true, "is_active": true, "date_joined": "2022-08-13T23:32:31.871Z", "groups": [], "user_permissions": []}}, {"model": "auth.user", "pk": 27, "fields": {"password": "pbkdf2_sha256$320000$MIeeDSfCLLcp1zoAgvG2py$Z6uKisPWYoDeFZRh/g38py/1G0ouLLMMMxuPgQ4NctY=", "last_login": "2022-08-14T01:41:56.443Z", "is_superuser": false, "username": "sreeja.atluri", "first_name": "Sreeja", "last_name": "Atluri", "email": "atluri1@uwindsor.ca", "is_staff": false, "is_active": true, "date_joined": "2022-08-14T00:43:55.274Z", "groups": [], "user_permissions": []}}, {"model": "auth.user", "pk": 30, "fields": {"password": "pbkdf2_sha256$320000$j6MxuQWTE2BOYCZtvwYfw9$f5RYtsFZjvRv92aJMlgSWZ81LIl1I9/+iXjGtRBOT/c=", "last_login": null, "is_superuser": false, "username": "sreeja_atluri", "first_name": "sreeja", "last_name": "atluri", "email": "atluri1@uwindsor.ca", "is_staff": false, "is_active": true, "date_joined": "2022-08-14T01:44:05Z", "groups": [], "user_permissions": []}}, {"model": "auth.user", "pk": 34, "fields": {"password": "pbkdf2_sha256$320000$BVSV48O6zvjAwrlX9X6ES8$vTq1oH0A9KkZ6OWJht3yVeQ4LAqXJ14pE/MJXGmIE2U=", "last_login": "2022-08-15T00:28:22.245Z", "is_superuser": false, "username": "test", "first_name": "test", "last_name": "test", "email": "sreejaatluri@gmail.com", "is_staff": false, "is_active": true, "date_joined": "2022-08-14T01:54:36Z", "groups": [], "user_permissions": []}}, {"model": "contenttypes.contenttype", "pk": 1, "fields": {"app_label": "admin", "model": "logentry"}}, {"model": "contenttypes.contenttype", "pk": 2, "fields": {"app_label": "auth", "model": "permission"}}, {"model": "contenttypes.contenttype", "pk": 3, "fields": {"app_label": "auth", "model": "group"}}, {"model": "contenttypes.contenttype", "pk": 4, "fields": {"app_label": "auth", "model": "user"}}, {"model": "contenttypes.contenttype", "pk": 5, "fields": {"app_label": "contenttypes", "model": "contenttype"}}, {"model": "contenttypes.contenttype", "pk": 6, "fields": {"app_label": "sessions", "model": "session"}}, {"model": "contenttypes.contenttype", "pk": 7, "fields": {"app_label": "myapp", "model": "student"}}, {"model": "contenttypes.contenttype", "pk": 8, "fields": {"app_label": "myapp", "model": "topic"}}, {"model": "contenttypes.contenttype", "pk": 9, "fields": {"app_label": "myapp", "model": "course"}}, {"model": "contenttypes.contenttype", "pk": 10, "fields": {"app_label": "myapp", "model": "order"}}, {"model": "contenttypes.contenttype", "pk": 11, "fields": {"app_label": "myapp", "model": "usertypes"}}, {"model": "contenttypes.contenttype", "pk": 12, "fields": {"app_label": "myapp", "model": "passwordreset"}}, {"model": "sessions.session", "pk": "1idv6axda5i3sjbczmp1ilq37nwzhm9e", "fields": {"session_data": "eyJhYm91dF92aXNpdHMiOjIsIl9zZXNzaW9uX2V4cGlyeSI6MzAwfQ:1oDWdQ:8u91yUgJE9caeXjF09nEosR1aPsjeeMPxq_Od6XBbxQ", "expire_date": "2022-07-18T19:47:28.524Z"}}, {"model": "sessions.session", "pk": "1no29r8bcwctupkl907ng5i7mny7p0re", "fields": {"session_data": ".eJxVjMsOwiAQRf-FtSEwvF269xsIA4NUDU1KuzL-uzbpQrf3nHNfLKZtbXEbtMSpsDOT7PS7YcoP6jso99RvM89zX5cJ-a7wgw5-nQs9L4f7d9DSaN8ajYFqpSBI2lssWWAlX7VwqDBYBHLGqSwDKJ0quIoVJCmpNSAED-z9AeciN5c:1ntvmM:aNftaN96hOC40CM2ACJArwt70nYnwVPLrjneCxGc3hw", "expire_date": "2022-06-08T18:30:42.325Z"}}, {"model": "sessions.session", "pk": "7ep9jd8gm8l7u3yib6zcpyze896tsdw2", "fields": {"session_data": ".eJxVTksOgjAQvQrpWkkZSltYujTxDM3QTqVKWkMhkRjvLiQudPE27_9iBpd5MEumyQTHOlYpdvgle7R3irvibhivqbQpzlPoy91SftVcXpKj8fT1_hUMmIct7YV2HmXT2Fa1INC3ZIG00sIL6lVruXTAUbnKE9Y1VNqB91Z7p1Ula7GVjphnM6ZriPtP6BrZcVkci_MyrgXwwwaAfTxTziFFQ89HmFbW8fcHYStKLw:1oECzW:eNS7I5MiFFwQtNoZl95kSolfdUpwj1XAhkQrT_kVKrM", "expire_date": "2022-08-03T16:56:06.848Z"}}, {"model": "sessions.session", "pk": "7ubols7t28a0zsy869209qiooqna6f8s", "fields": {"session_data": ".eJxVjssOgjAURH-FdK3k9gWVpUsTv6Hp4wrVpjUUEonx34WEhW5n5szMm2gzT4OeC446eNIRqsjhV7TGPTBtjr-b1Ofa5TSNwdZbpN7dUl-zx3jes38FgynDShtqqXJIFZeSNgwkhwY5BWdAWUTOLPXixFtruQTG0QMVormtDEArlVtLoymTjrkPafspO8k6IapjdZnjUrHmUDFgbBsvWErISePrGcaFdPD5AsNUSJg:1oGQbk:swNjIuB1IVdXxfB_71UGMQRfo6M85jSfneZlsY469cs", "expire_date": "2022-08-09T19:52:44.361Z"}}, {"model": "sessions.session", "pk": "8o5ypt2rcqxr47aepz0ceaqprj93deoq", "fields": {"session_data": ".eJxVjs1qwzAQhF_F6OwY_cWSfeyx0GcQa2kVqzVS8cqhoeTdY0MOCexcdr6dnX_mYKuz2whXlwIbmTCsfV1O4H8wH074hnwpnS-5rmnqDqR7utR9lYDLx5N9C5iB5v06ahsi9OezH8wgNcQBvURrrI4aJzN43gfJwQQREZSSwgYZo7cxWCN6pffQBai6pVxSPnrKcR_VN6fmc1tujeTtLimP54REqWSHf79pvbFRcd4ymMpW3TVRqsRGcX8AHBJQhA:1oECLh:AW52KFSFOaQfxghppyFvdnjs04RlqRY8SBvvYFJuTso", "expire_date": "2022-07-20T16:19:57.444Z"}}, {"model": "sessions.session", "pk": "aods9mk7qd1vy37f5t4280gjqkxgtax9", "fields": {"session_data": ".eJxVjMsOwiAQRf-FtSEwvF269xsIA4NUDU1KuzL-uzbpQrf3nHNfLKZtbXEbtMSpsDOT7PS7YcoP6jso99RvM89zX5cJ-a7wgw5-nQs9L4f7d9DSaN8ajYFqpSBI2lssWWAlX7VwqDBYBHLGqSwDKJ0quIoVJCmpNSAED-z9AeciN5c:1nvscW:MHFOdra2vt-46TgXk2ZH82YJveiF-0hT86wRuqzSog4", "expire_date": "2022-06-14T03:32:36.496Z"}}, {"model": "sessions.session", "pk": "d3p3y8d5vzye4cjznw0c1z1xdjdt20qr", "fields": {"session_data": ".eJxVjcFuhDAMRH8F5bxFtkNJllt77zdEDjGQLkoqAlKrav99g7SH9mSNZ-bNr3J87Is7imwuBjUo3anL36fn8SbpdMInpzm3Y077Fn17RtqnW9qPHGR9f2b_ARYuS20jg0FtJisgLNAbnHRvr8Z3CIZeES1PGCRgPThWOYL1PniLTDpoXaErl92teY6p8ggGsgNR89K8HfNR9ga7S0NAdM4XKSXm5OT7K24_atA9wP0BeH5KxA:1oNNxu:t7tHBG0ytb2IZrF4fcs17JhETdmFGWmHvZPoQTMCUc4", "expire_date": "2022-08-15T01:28:22.264Z"}}, {"model": "sessions.session", "pk": "e1q1jb70qzzarekv1eew80s3io2xbpan", "fields": {"session_data": ".eJxVjMsOwiAQRf-FtSEwvF269xsIA4NUDU1KuzL-uzbpQrf3nHNfLKZtbXEbtMSpsDOT7PS7YcoP6jso99RvM89zX5cJ-a7wgw5-nQs9L4f7d9DSaN8ajYFqpSBI2lssWWAlX7VwqDBYBHLGqSwDKJ0quIoVJCmpNSAED-z9AeciN5c:1o8sZC:IFOA5YbMqxJELdkoPWWlXl8MRn61VIQ-8rqVAmUeWAc", "expire_date": "2022-07-20T00:06:54.032Z"}}, {"model": "sessions.session", "pk": "hku9pcdnsgzni6tlvuyo312avot92hwt", "fields": {"session_data": ".eJxVjcFuxCAMRH8l4pyNMKQLy6299xuQCU5CG0EVw6pV1X9vIu2hPVnjmXnzLTy2uvrGtPsUhRN6FP3fZ8DpnfLpxDfMSxmmkuuewnBGhofLw2uJtL08sv8AK_J6tAGlAW1mS5KQ5NXArK_2ZsII0qgnAIszRIpwHJgOOUkbQgwWUOmo9QHdkKvfypLyybs5AAequ3TPbWlcOxj7Tkmlznkm5lSyp8-PtH8Jp6XsBYbSqr8nTpWFUz-_VT9QhQ:1oNMlX:GLB2mIAAhz9LfCXEeep5qUsCeB4tLD2j9KECvip8BXY", "expire_date": "2022-08-14T23:16:31.569Z"}}, {"model": "sessions.session", "pk": "mh8jk2dttnp2rk9v6snp6vmlrw87aika", "fields": {"session_data": ".eJxVjs0OgjAQhF-F9Kxku6VQOXo08Rma_qxQJa2hkEiM7y4kHPQ6M9_MvJk289TrOdOog2ct44odfkVr3IPi5vi7iV0qXYrTGGy5RcrdzeU1eRrOe_avoDe5X2nDLVeOuBJS8hpBCqhJcHAGlCUSaLmvTqKxVkhAQR54VdW3lQFopHJr6WDypIfUhbj9xFaKVmJxLC7zsBTYHAoExG08U84hRU2vZxgX1sLnC8LuSJY:1oGkIC:InerICiJigiV54U5JIcXkzo5AcY3UDJZ9yuXMXV_CxA", "expire_date": "2022-08-10T16:53:52.831Z"}}, {"model": "sessions.session", "pk": "oznypxu3sq3ooncdlm3atx08gxc4h1mv", "fields": {"session_data": ".eJxVjssOgjAURH-FdK2kvS2vLl2a-A1NL9xClbSGQiIx_ruQsNDtnDOTeTNjl3kwS6LJ-I5pJtjpN0PbPijsoLvb0Me8jWGePOa7kh805bfY0Xg53L-BwaZha2NRgCsFJ7CqLrFrOTqqneIVSmxKBKqKSraiAamsg8qhA0FSKAUITQ3b6GjTbMbY-7DfLLSSWsjsnF2Xcc1EfcqAw-6ZRCn5GAy9nn5ameafL-23ST8:1oDWe9:UaIM4IY4ZSClW5Y952J6mkR92ADwzH9zNtHMFFn1iA4", "expire_date": "2022-08-01T19:43:13.396Z"}}, {"model": "sessions.session", "pk": "r6mlmomqtm2bha40cat66zozo66f8lx5", "fields": {"session_data": ".eJxVjMsOwiAQRf-FtSEwvF269xsIA4NUDU1KuzL-uzbpQrf3nHNfLKZtbXEbtMSpsDOT7PS7YcoP6jso99RvM89zX5cJ-a7wgw5-nQs9L4f7d9DSaN8ajYFqpSBI2lssWWAlX7VwqDBYBHLGqSwDKJ0quIoVJCmpNSAED-z9AeciN5c:1oBJz9:G3GtrdXBIqpJ2O8H1q5ezNAZcmzsrvnOl5B_J0vpl28", "expire_date": "2022-07-26T17:47:47.129Z"}}, {"model": "sessions.session", "pk": "w3ho6agpf5ano0ozdsqp9tmftwfuc73q", "fields": {"session_data": ".eJxVjUFPxSAQhP9Kw7k2u_B8IDe9-xvIUmiLNvDSBaMx_ndp8g562szOzDffwlGrm2scD5eCsEJdxPj36Wl-j_l0whvltUxzyfVIfjoj093l6bWEuL_cs_8AG_HW20igUenFRIgU4apxUVfzpP0FQctHREMLhhiwH5y7nMF4H7xBkioo1aE7cXV7WVPuPCmtNBZweBie29q4DqjGQYKU5zxH5lSyi5-3dHwJqwBGQb606j4Sp8rC4s8vVQJQgw:1oN3QD:LYNkbbzGX4lGEw-MoTIzFd2MAh8pKBWjn_jVPq5-UUE", "expire_date": "2022-08-14T02:37:13.087Z"}}, {"model": "sessions.session", "pk": "zt96d70ebdblxi0r6hzxc71vlmpg3bqu", "fields": {"session_data": ".eJxVjMsOwiAQRf-FtSEwvF269xsIA4NUDU1KuzL-uzbpQrf3nHNfLKZtbXEbtMSpsDOT7PS7YcoP6jso99RvM89zX5cJ-a7wgw5-nQs9L4f7d9DSaN8ajYFqpSBI2lssWWAlX7VwqDBYBHLGqSwDKJ0quIoVJCmpNSAED-z9AeciN5c:1oBfCD:SXI8anMfiguB_EECeCHpZHQIauGNHO_envg7kblnqEA", "expire_date": "2022-07-27T16:26:41.306Z"}}, {"model": "myapp.topic", "pk": 1, "fields": {"name": "Web Development", "category": "Development"}}, {"model": "myapp.topic", "pk": 2, "fields": {"name": "Management", "category": "Business"}}, {"model": "myapp.topic", "pk": 3, "fields": {"name": "Economics", "category": "Finance & Accounting"}}, {"model": "myapp.topic", "pk": 4, "fields": {"name": "IT Certification", "category": "IT & Software"}}, {"model": "myapp.topic", "pk": 5, "fields": {"name": "Sports", "category": "Health & Fitness"}}, {"model": "myapp.course", "pk": 1, "fields": {"topic": 4, "name": "CCNA", "price": "199.99", "for_everyone": true, "description": "", "interested": 0, "stages": 3}}, {"model": "myapp.course", "pk": 2, "fields": {"topic": 4, "name": "AWS", "price": "119.99", "for_everyone": true, "description": "", "interested": 2, "stages": 3}}, {"model": "myapp.course", "pk": 3, "fields": {"topic": 4, "name": "CompTIA Security", "price": "139.99", "for_everyone": true, "description": "", "interested": 0, "stages": 3}}, {"model": "myapp.course", "pk": 4, "fields": {"topic": 4, "name": "Oracle SQL", "price": "143.99", "for_everyone": true, "description": "", "interested": 1, "stages": 3}}, {"model": "myapp.course", "pk": 5, "fields": {"topic": 3, "name": "Microeconomics", "price": "199.99", "for_everyone": true, "description": "", "interested": 0, "stages": 3}}, {"model": "myapp.course", "pk": 6, "fields": {"topic": 3, "name": "Introduction to Economics", "price": "157.49", "for_everyone": true, "description": "", "interested": 0, "stages": 3}}, {"model": "myapp.course", "pk": 7, "fields": {"topic": 3, "name": "Global Economics", "price": "149.99", "for_everyone": true, "description": "", "interested": 0, "stages": 3}}, {"model": "myapp.course", "pk": 8, "fields": {"topic": 1, "name": "Web Development Bootcamp", "price": "161.99", "for_everyone": true, "description": "", "interested": 1, "stages": 3}}, {"model": "myapp.course", "pk": 9, "fields": {"topic": 1, "name": "Web Design", "price": "129.59", "for_everyone": true, "description": "", "interested": 2, "stages": 3}}, {"model": "myapp.course", "pk": 10, "fields": {"topic": 1, "name": "Web Development Mastercalss", "price": "124.99", "for_everyone": true, "description": "", "interested": 0, "stages": 3}}, {"model": "myapp.course", "pk": 11, "fields": {"topic": 1, "name": "Build Responsive Websites", "price": "134.99", "for_everyone": true, "description": "", "interested": 0, "stages": 3}}, {"model": "myapp.course", "pk": 12, "fields": {"topic": 2, "name": "Innovation for Business", "price": "157.49", "for_everyone": true, "description": "", "interested": 1, "stages": 3}}, {"model": "myapp.course", "pk": 13, "fields": {"topic": 2, "name": "Leadership Skills", "price": "166.49", "for_everyone": true, "description": "", "interested": 0, "stages": 3}}, {"model": "myapp.course", "pk": 14, "fields": {"topic": 2, "name": "Project Management", "price": "121.49", "for_everyone": true, "description": "", "interested": 1, "stages": 3}}, {"model": "myapp.student", "pk": 9, "fields": {"address": "University Avenue", "school": null, "city": "WS", "image": "", "interested_in": [1, 2, 3, 4]}}, {"model": "myapp.student", "pk": 10, "fields": {"address": "Sunset Avenue", "school": null, "city": "VC", "image": "", "interested_in": [1, 3]}}, {"model": "myapp.student", "pk": 11, "fields": {"address": "Prince Street", "school": null, "city": "CG", "image": "", "interested_in": [2, 3, 4]}}, {"model": "myapp.student", "pk": 12, "fields": {"address": "Sunset Avenue", "school": null, "city": "MR", "image": "", "interested_in": [3, 4]}}, {"model": "myapp.student", "pk": 13, "fields": {"address": "King Street", "school": null, "city": "WS", "image": "", "interested_in": [2]}}, {"model": "myapp.student", "pk": 18, "fields": {"address": null, "school": null, "city": "WS", "image": "", "interested_in": [2]}}, {"model": "myapp.student", "pk": 30, "fields": {"address": null, "school": "windsor", "city": "WS", "image": "images/propic.jpg", "interested_in": [3]}}, {"model": "myapp.student", "pk": 34, "fields": {"address": null, "school": "test", "city": "WS", "image": "images/propic_UaqKfvx.jpg", "interested_in": [1]}}, {"model": "myapp.order", "pk": 9, "fields": {"course": 1, "student": 10, "levels": 1, "order_status": 1, "order_date": "2022-05-29"}}, {"model": "myapp.order", "pk": 10, "fields": {"course": 1, "student": 10, "levels": 1, "order_status": 1, "order_date": "2022-05-29"}}, {"model": "myapp.order", "pk": 11, "fields": {"course": 1, "student": 9, "levels": 1, "order_status": 1, "order_date": "2022-05-29"}}, {"model": "myapp.order", "pk": 12, "fields": {"course": 1, "student": 13, "levels": 1, "order_status": 1, "order_date": "2022-05-29"}}, {"model": "myapp.order", "pk": 13, "fields": {"course": 1, "student": 13, "levels": 1, "order_status": 1, "order_date": "2022-05-29"}}, {"model": "myapp.order", "pk": 14, "fields": {"course": 1, "student": 12, "levels": 1, "order_status": 1, "order_date": "2022-05-29"}}, {"model": "myapp.order", "pk": 15, "fields": {"course": 1, "student": 11, "levels": 1, "order_status": 1, "order_date": "2022-05-29"}}, {"model": "myapp.order", "pk": 16, "fields": {"course": 9, "student": 9, "levels": 1, "order_status": 1, "order_date": "2022-07-12"}}, {"model": "myapp.order", "pk": 17, "fields": {"course": 7, "student": 9, "levels": 1, "order_status": 1, "order_date": "2022-07-12"}}, {"model": "myapp.order", "pk": 18, "fields": {"course": 9, "student": 12, "levels": 1, "order_status": 1, "order_date": "2022-07-12"}}, {"model": "myapp.order", "pk": 20, "fields": {"course": 4, "student": 11, "levels": 1, "order_status": 1, "order_date": "2022-07-12"}}, {"model": "myapp.order", "pk": 21, "fields": {"course": 9, "student": 13, "levels": 1, "order_status": 1, "order_date": "2022-07-12"}}, {"model": "myapp.order", "pk": 22, "fields": {"course": 9, "student": 10, "levels": 1, "order_status": 1, "order_date": "2022-07-12"}}, {"model": "myapp.order", "pk": 23, "fields": {"course": 9, "student": 10, "levels": 1, "order_status": 1, "order_date": "2022-07-12"}}, {"model": "myapp.order", "pk": 24, "fields": {"course": 9, "student": 9, "levels": 1, "order_status": 1, "order_date": "2022-07-12"}}, {"model": "myapp.order", "pk": 25, "fields": {"course": 9, "student": 9, "levels": 1, "order_status": 1, "order_date": "2022-07-12"}}, {"model": "myapp.order", "pk": 26, "fields": {"course": 9, "student": 9, "levels": 1, "order_status": 1, "order_date": "2022-07-12"}}, {"model": "myapp.order", "pk": 27, "fields": {"course": 8, "student": 10, "levels": 1, "order_status": 1, "order_date": "2022-07-12"}}, {"model": "myapp.order", "pk": 28, "fields": {"course": 9, "student": 10, "levels": 1, "order_status": 1, "order_date": "2022-07-13"}}, {"model": "myapp.order", "pk": 31, "fields": {"course": 7, "student": 18, "levels": 1, "order_status": 1, "order_date": "2022-07-26"}}, {"model": "myapp.order", "pk": 32, "fields": {"course": 11, "student": 18, "levels": 2, "order_status": 1, "order_date": "2022-07-26"}}, {"model": "myapp.order", "pk": 33, "fields": {"course": 4, "student": 18, "levels": 2, "order_status": 1, "order_date": "2022-07-27"}}, {"model": "myapp.order", "pk": 34, "fields": {"course": 13, "student": 18, "levels": 1, "order_status": 1, "order_date": "2022-07-27"}}, {"model": "myapp.order", "pk": 35, "fields": {"course": 12, "student": 34, "levels": 1, "order_status": 1, "order_date": "2022-08-14"}}, {"model": "myapp.order", "pk": 36, "fields": {"course": 6, "student": 34, "levels": 1, "order_status": 1, "order_date": "2022-08-14"}}]